arm,role,rep,time_us,cwnd,bytes_in_flight,smoothed_rtt,min_rtt,latest_rtt
migrate_demo,client,5,42002,12200,,22283,22283,
migrate_demo,client,5,47240,12200,,22283,22283,
migrate_demo,client,5,52512,12200,,22283,22283,
migrate_demo,client,5,57719,12200,,22283,22283,
migrate_demo,client,5,63040,12200,,22082,20681,
migrate_demo,client,5,68308,12200,,22082,20681,
migrate_demo,client,5,73564,12200,,22082,20681,
migrate_demo,client,5,78828,12200,,22082,20681,
migrate_demo,client,5,84054,12200,,21901,20637,
migrate_demo,client,5,89373,12200,,21376,20298,
migrate_demo,client,5,94689,12200,,21376,20298,
migrate_demo,client,5,100091,12200,,21376,20298,
migrate_demo,client,5,105362,12200,,21376,20298,
migrate_demo,client,5,110674,12200,,21262,20298,
migrate_demo,client,5,115918,12200,,22395,20298,
migrate_demo,client,5,121167,12200,,22787,20298,
migrate_demo,client,5,126433,12200,,22282,20298,
migrate_demo,client,5,131653,12200,,22175,20298,
migrate_demo,client,5,137061,12200,,23197,20298,
migrate_demo,client,5,142307,12200,,24417,20298,
migrate_demo,client,5,147618,12200,,25917,20298,
migrate_demo,client,5,152875,12200,,28279,20298,
migrate_demo,client,5,158235,12200,,30851,20298,
migrate_demo,client,5,163564,12200,,32863,20298,
migrate_demo,client,5,168821,12200,,33590,20298,
migrate_demo,client,5,174110,12200,,36294,20298,
migrate_demo,client,5,179403,12200,,39190,20298,
migrate_demo,client,5,184625,12200,,40352,20298,
migrate_demo,client,5,189924,12200,,42477,20298,
migrate_demo,client,5,195142,12200,,45708,20298,
migrate_demo,client,5,200324,12200,,47966,20298,
migrate_demo,client,5,205572,12200,,50069,20298,
migrate_demo,client,5,210905,12200,,54374,20298,
migrate_demo,client,5,216186,12200,,56624,20298,
migrate_demo,client,5,221420,12200,,59675,20298,
migrate_demo,client,5,226731,12200,,61765,20298,
migrate_demo,client,5,231935,12200,,64880,20298,
migrate_demo,client,5,237152,12200,,67119,20298,
migrate_demo,client,5,242364,12200,,69143,20298,
migrate_demo,client,5,247600,12200,,71208,20298,
migrate_demo,client,5,252918,12200,,74556,20298,
migrate_demo,client,5,258142,12200,,76903,20298,
migrate_demo,client,5,263416,12200,,80269,20298,
migrate_demo,client,5,268613,12200,,82374,20298,
migrate_demo,client,5,273829,12200,,84588,20298,
migrate_demo,client,5,279108,12200,,87104,20298,
migrate_demo,client,5,284333,12200,,89466,20298,
migrate_demo,client,5,289626,12200,,91648,20298,
migrate_demo,client,5,294972,12200,,95299,20298,
migrate_demo,client,5,300272,12200,,98644,20298,
migrate_demo,client,5,305456,12200,,99881,20298,
migrate_demo,client,5,310637,12200,,103374,20298,
migrate_demo,client,5,315818,12200,,105757,20298,
migrate_demo,client,5,321141,12200,,107987,20298,
migrate_demo,client,5,326396,12200,,110221,20298,
migrate_demo,client,5,331669,12200,,113642,20298,
migrate_demo,client,5,336804,12200,,116154,20298,
migrate_demo,client,5,341968,12200,,119492,20298,
migrate_demo,client,5,347172,12200,,120649,20298,
migrate_demo,client,5,352392,12200,,124229,20298,
migrate_demo,client,5,357583,12200,,125502,20298,
migrate_demo,client,5,362904,12200,,127814,20298,
migrate_demo,client,5,368158,12200,,131471,20298,
migrate_demo,client,5,373377,12200,,133946,20298,
migrate_demo,client,5,378685,12200,,136204,20298,
migrate_demo,client,5,383957,12200,,138671,20298,
migrate_demo,client,5,389176,12200,,142110,20298,
migrate_demo,client,5,394520,12200,,144575,20298,
migrate_demo,client,5,399815,12200,,148010,20298,
migrate_demo,client,5,405055,12248,,149254,20298,
migrate_demo,client,5,410349,12392,,152761,20298,
migrate_demo,client,5,415693,12488,,155282,20298,
migrate_demo,client,5,420990,12584,,157778,20298,
migrate_demo,client,5,426216,12680,,160023,20298,
migrate_demo,client,5,431465,12776,,162544,20298,
migrate_demo,client,5,436747,12872,,164822,20298,
migrate_demo,client,5,441994,12968,,167356,20298,
migrate_demo,client,5,447194,13112,,171102,20298,
migrate_demo,client,5,452536,13208,,173583,20298,
migrate_demo,client,5,457810,13304,,175853,20298,
migrate_demo,client,5,463060,13400,,178356,20298,
migrate_demo,client,5,468317,13496,,180838,20298,
migrate_demo,client,5,473534,13592,,183238,20298,
migrate_demo,client,5,478790,13688,,185855,20298,
migrate_demo,client,5,484055,13832,,189465,20298,
migrate_demo,client,5,489224,13880,,190761,20298,
migrate_demo,client,5,494438,14024,,194333,20298,
migrate_demo,client,5,499745,14120,,196824,20298,
migrate_demo,client,5,504979,14216,,199291,20298,
migrate_demo,client,5,510282,14312,,201975,20298,
migrate_demo,client,5,515475,14408,,204357,20298,
migrate_demo,client,5,520809,14504,,206992,20298,
migrate_demo,client,5,526110,14600,,209585,20298,
migrate_demo,client,5,531393,14696,,211907,20298,
migrate_demo,client,5,536665,14840,,215507,20298,
migrate_demo,client,5,541888,14936,,218087,20298,
migrate_demo,client,5,547148,15032,,220631,20298,
migrate_demo,client,5,552386,15128,,223145,20298,
migrate_demo,client,5,557633,15224,,225412,20298,
migrate_demo,client,5,562957,15320,,227938,20298,
migrate_demo,client,5,568184,15464,,231452,20298,
migrate_demo,client,5,573480,15560,,233982,20298,
migrate_demo,client,5,578695,15656,,236489,20298,
migrate_demo,client,5,584044,15752,,238980,20298,
migrate_demo,client,5,589344,15848,,241368,20298,
migrate_demo,client,5,594634,15944,,243986,20298,
migrate_demo,client,5,599951,16088,,247616,20298,
migrate_demo,client,5,605224,16136,,248911,20298,
migrate_demo,client,5,610534,16232,,251471,20298,
migrate_demo,client,5,615754,16328,,253924,20298,
migrate_demo,client,5,620967,16472,,257657,20298,
migrate_demo,client,5,626315,16520,,258986,20298,
migrate_demo,client,5,631590,16664,,262889,20298,
migrate_demo,client,5,636847,16760,,265213,20298,
migrate_demo,client,5,642162,16856,,267778,20298,
migrate_demo,client,5,647561,17000,,271338,20298,
migrate_demo,client,5,652780,17048,,272619,20298,
migrate_demo,client,5,658047,17192,,276410,20298,
migrate_demo,client,5,663392,17288,,278913,20298,
migrate_demo,client,5,668654,17384,,281403,20298,
migrate_demo,client,5,673979,17480,,283641,20298,
migrate_demo,client,5,679285,17624,,287180,20298,
migrate_demo,client,5,684522,17720,,289709,20298,
migrate_demo,client,5,689824,17816,,292210,20298,
migrate_demo,client,5,695124,17912,,294701,20298,
migrate_demo,client,5,700438,18008,,297185,20298,
migrate_demo,client,5,705781,18104,,299645,20298,
migrate_demo,client,5,711086,18200,,302092,20298,
migrate_demo,client,5,716309,18344,,305759,20298,
migrate_demo,client,5,721572,18440,,308204,20298,
migrate_demo,client,5,726845,18536,,310631,20298,
migrate_demo,client,5,732038,18632,,313049,20298,
migrate_demo,client,5,737246,18776,,316457,20298,
migrate_demo,client,5,742546,18824,,317695,20298,
migrate_demo,client,5,747846,18968,,321400,20298,
migrate_demo,client,5,753097,19064,,323851,20298,
migrate_demo,client,5,758394,19160,,326298,20298,
migrate_demo,client,5,763746,19256,,328736,20298,
migrate_demo,client,5,768974,19400,,332158,20298,
migrate_demo,client,5,774213,19496,,334655,20298,
migrate_demo,client,5,779723,19592,,337128,20298,
migrate_demo,client,5,784950,19688,,339362,20298,
migrate_demo,client,5,790201,19784,,341864,20298,
migrate_demo,client,5,795411,19928,,345348,20298,
migrate_demo,client,5,800650,19976,,346607,20298,
migrate_demo,client,5,805915,20120,,350370,20298,
migrate_demo,client,5,811245,20216,,352849,20298,
migrate_demo,client,5,816547,20312,,355316,20298,
migrate_demo,client,5,822017,20408,,357544,20298,
migrate_demo,client,5,827325,20504,,360048,20298,
migrate_demo,client,5,832620,20648,,363765,20298,
migrate_demo,client,5,837914,20744,,366029,20298,
migrate_demo,client,5,843166,20840,,368541,20298,
migrate_demo,client,5,848484,20936,,371025,20298,
migrate_demo,client,5,853723,21032,,373481,20298,
migrate_demo,client,5,858993,21176,,376928,20298,
migrate_demo,client,5,864467,21272,,379436,20298,
migrate_demo,client,5,869796,21416,,382925,20298,
migrate_demo,client,5,875073,21464,,384185,20298,
migrate_demo,client,5,880354,21560,,386694,20298,
migrate_demo,client,5,885834,21704,,390210,20298,
migrate_demo,client,5,891158,21800,,392729,20298,
migrate_demo,client,5,896478,21896,,395002,20298,
migrate_demo,client,5,901885,21992,,397543,20298,
migrate_demo,client,5,907192,22088,,400046,20298,
migrate_demo,client,5,912521,22232,,403564,20298,
migrate_demo,client,5,917825,22328,,405838,20298,
migrate_demo,client,5,923127,22424,,408370,20298,
migrate_demo,client,5,928526,22520,,410885,20298,
migrate_demo,client,5,933833,22616,,413380,20298,
migrate_demo,client,5,939140,22760,,416849,20298,
migrate_demo,client,5,944357,22856,,419339,20298,
migrate_demo,client,5,949757,22952,,421840,20298,
migrate_demo,client,5,954973,23048,,424324,20298,
migrate_demo,client,5,960213,23192,,427781,20298,
migrate_demo,client,5,965559,23240,,429025,20298,
migrate_demo,client,5,970833,23384,,432752,20298,
migrate_demo,client,5,976046,23480,,435012,20298,
migrate_demo,client,5,981361,23576,,437297,20298,
migrate_demo,client,5,986612,23672,,439828,20298,
migrate_demo,client,5,991895,23768,,442110,20298,
migrate_demo,client,5,997186,23912,,445687,20298,
migrate_demo,client,5,1002384,24008,,448249,20298,
migrate_demo,client,5,1007623,24152,,451805,20298,
migrate_demo,client,5,1012857,24200,,453090,20298,
migrate_demo,client,5,1018125,24296,,455627,20298,
migrate_demo,client,5,1023383,24392,,458125,20298,
migrate_demo,client,5,1028688,24536,,461847,20298,
migrate_demo,client,5,1033953,24632,,464312,20298,
migrate_demo,client,5,1039249,24728,,466617,20298,
migrate_demo,client,5,1044583,24872,,470140,20298,
migrate_demo,client,5,1049789,25016,,473458,20298,
migrate_demo,client,5,1055110,25064,,474678,20298,
migrate_demo,client,5,1060344,25160,,477120,20298,
migrate_demo,client,5,1065631,25256,,479327,20298,
migrate_demo,client,5,1070878,25352,,481814,20298,
migrate_demo,client,5,1076195,25496,,485290,20298,
migrate_demo,client,5,1081362,25640,,488798,20298,
migrate_demo,client,5,1086573,25736,,491102,20298,
migrate_demo,client,5,1091798,25784,,492369,20298,
migrate_demo,client,5,1096993,25928,,495953,20298,
migrate_demo,client,5,1102307,25976,,497240,20298,
migrate_demo,client,5,1107638,26120,,500801,20298,
migrate_demo,client,5,1112829,26216,,503366,20298,
migrate_demo,client,5,1118031,26312,,505880,20298,
migrate_demo,client,5,1123285,26408,,508155,20298,
migrate_demo,client,5,1128511,26552,,511732,20298,
migrate_demo,client,5,1133889,26600,,513014,20298,
migrate_demo,client,5,1139155,26744,,516795,20298,
migrate_demo,client,5,1144399,26888,,520318,20298,
migrate_demo,client,5,1149669,26936,,521585,20298,
migrate_demo,client,5,1155007,27032,,524096,20298,
migrate_demo,client,5,1160223,27128,,526369,20298,
migrate_demo,client,5,1165584,27272,,530124,20298,
migrate_demo,client,5,1170744,27368,,532421,20298,
migrate_demo,client,5,1175941,27512,,535980,20298,
migrate_demo,client,5,1181225,27560,,537258,20298,
migrate_demo,client,5,1186515,27704,,540820,20298,
migrate_demo,client,5,1191814,27800,,543132,20298,
migrate_demo,client,5,1197082,27896,,545689,20298,
migrate_demo,client,5,1202389,27992,,548027,20298,
migrate_demo,client,5,1207691,28088,,550597,20298,
migrate_demo,client,5,1212948,28184,,553117,20298,
migrate_demo,client,5,1218263,28280,,555405,20298,
migrate_demo,client,5,1223581,28424,,559205,20298,
migrate_demo,client,5,1228830,28520,,561708,20298,
migrate_demo,client,5,1234071,28616,,564187,20298,
migrate_demo,client,5,1239354,28760,,567655,20298,
migrate_demo,client,5,1244615,28808,,568908,20298,
migrate_demo,client,5,1249920,28904,,571403,20298,
migrate_demo,client,5,1255314,29048,,574915,20298,
migrate_demo,client,5,1260518,29144,,577415,20298,
migrate_demo,client,5,1265821,29240,,579668,20298,
migrate_demo,client,5,1271038,29384,,583222,20298,
migrate_demo,client,5,1276235,29432,,584489,20298,
migrate_demo,client,5,1281565,29528,,586801,20298,
migrate_demo,client,5,1286806,29672,,590403,20298,
migrate_demo,client,5,1292056,29768,,592971,20298,
migrate_demo,client,5,1297432,29864,,595515,20298,
migrate_demo,client,5,1302668,29912,,596779,20298,
migrate_demo,client,5,1308023,30152,,598831,20298,
migrate_demo,client,5,1313245,30344,,601303,20298,
migrate_demo,client,5,1318504,30680,,601834,20298,
migrate_demo,client,5,1323709,30728,,602295,20298,
migrate_demo,client,5,1329044,31016,,603060,20298,
migrate_demo,client,5,1334252,31016,,603060,20298,
migrate_demo,client,5,1339573,31496,,603648,20298,
migrate_demo,client,5,1344940,31640,,604102,20298,
migrate_demo,client,5,1350185,31832,,604446,20298,
migrate_demo,client,5,1355478,31832,,604446,20298,
migrate_demo,client,5,1360687,32216,,604719,20298,
migrate_demo,client,5,1365884,32552,,604832,20298,
migrate_demo,client,5,1371234,32600,,604923,20298,
migrate_demo,client,5,1376464,32984,,605300,20298,
migrate_demo,client,5,1381721,33128,,605554,20298,
migrate_demo,client,5,1387016,33416,,605552,20298,
migrate_demo,client,5,1392278,33608,,605554,20298,
migrate_demo,client,5,1397506,33656,,605552,20298,
migrate_demo,client,5,1402783,33656,,605552,20298,
migrate_demo,client,5,1407996,33656,,605552,20298,
migrate_demo,client,5,1413233,33656,,605552,20298,
migrate_demo,client,5,1418889,34568,,605548,20298,
migrate_demo,client,5,1424121,34808,,605547,20298,
migrate_demo,client,5,1429345,34808,,605547,20298,
migrate_demo,client,5,1434602,35288,,605559,20298,
migrate_demo,client,5,1439863,35480,,605577,20298,
migrate_demo,client,5,1445237,35528,,605571,20298,
migrate_demo,client,5,1450558,35816,,605716,20298,
migrate_demo,client,5,1455843,36104,,605756,20298,
migrate_demo,client,5,1461043,36296,,605701,20298,
migrate_demo,client,5,1466391,36296,,605701,20298,
migrate_demo,client,5,1471708,36728,,605859,20298,
migrate_demo,client,5,1476977,36968,,605783,20298,
migrate_demo,client,5,1482243,37016,,605739,20298,
migrate_demo,client,5,1487495,37400,,605688,20298,
migrate_demo,client,5,1492742,37400,,605688,20298,
migrate_demo,client,5,1497970,37784,,605776,20298,
migrate_demo,client,5,1503222,38024,,605573,20298,
migrate_demo,client,5,1508460,38168,,605779,20298,
migrate_demo,client,5,1513731,38264,,605776,20298,
migrate_demo,client,5,1519080,38504,,605707,20298,
migrate_demo,client,5,1524284,38744,,605679,20298,
migrate_demo,client,5,1529484,38984,,605801,20298,
migrate_demo,client,5,1534758,39128,,605937,20298,
migrate_demo,client,5,1540034,39464,,605921,20298,
migrate_demo,client,5,1545270,39512,,605870,20298,
migrate_demo,client,5,1550637,39896,,605880,20298,
migrate_demo,client,5,1555901,40088,,605770,20298,
migrate_demo,client,5,1561116,40088,,605770,20298,
migrate_demo,client,5,1566362,40424,,605932,20298,
migrate_demo,client,5,1571630,40664,,606019,20298,
migrate_demo,client,5,1576848,40856,,606056,20298,
migrate_demo,client,5,1582101,41096,,606064,20298,
migrate_demo,client,5,1587333,41288,,606087,20298,
migrate_demo,client,5,1592635,41288,,606087,20298,
migrate_demo,client,5,1597863,41720,,606310,20298,
migrate_demo,client,5,1603179,41768,,606279,20298,
migrate_demo,client,5,1608420,42056,,606247,20298,
migrate_demo,client,5,1613650,42344,,606236,20298,
migrate_demo,client,5,1618851,42536,,606213,20298,
migrate_demo,client,5,1624169,42680,,606204,20298,
migrate_demo,client,5,1629408,42968,,606192,20298,
migrate_demo,client,5,1634750,42968,,606192,20298,
migrate_demo,client,5,1640123,43304,,606185,20298,
migrate_demo,client,5,1645346,43496,,606172,20298,
migrate_demo,client,5,1650603,43784,,606170,20298,
migrate_demo,client,5,1655947,43928,,606160,20298,
migrate_demo,client,5,1661431,43928,,606160,20298,
migrate_demo,client,5,1666677,43928,,606160,20298,
migrate_demo,client,5,1671966,44552,,606334,20298,
migrate_demo,client,5,1677217,44840,,606296,20298,
migrate_demo,client,5,1682501,44984,,606265,20298,
migrate_demo,client,5,1687720,45272,,606246,20298,
migrate_demo,client,5,1692990,45464,,606479,20298,
migrate_demo,client,5,1698217,45608,,606401,20298,
migrate_demo,client,5,1703491,45896,,606348,20298,
migrate_demo,client,5,1708731,46088,,606306,20298,
migrate_demo,client,5,1714028,46232,,606274,20298,
migrate_demo,client,5,1719204,46520,,606244,20298,
migrate_demo,client,5,1724414,46568,,606236,20298,
migrate_demo,client,5,1729689,46568,,606236,20298,
migrate_demo,client,5,1734920,47096,,606217,20298,
migrate_demo,client,5,1740128,47384,,606193,20298,
migrate_demo,client,5,1745404,47432,,606191,20298,
migrate_demo,client,5,1750634,47720,,606187,20298,
migrate_demo,client,5,1755956,48008,,606178,20298,
migrate_demo,client,5,1761207,48008,,606178,20298,
migrate_demo,client,5,1766413,48008,,606178,20298,
migrate_demo,client,5,1771625,48096,,606170,20298,
migrate_demo,client,5,1776914,48096,,606170,20298,
migrate_demo,client,5,1782141,48096,,606165,20298,
migrate_demo,client,5,1787363,48096,,606165,20298,
migrate_demo,client,5,1792651,48096,,606167,20298,
migrate_demo,client,5,1797960,48096,,606160,20298,
migrate_demo,client,5,1803196,48096,,606160,20298,
migrate_demo,client,5,1808406,48096,,606161,20298,
migrate_demo,client,5,1813698,48096,,606163,20298,
migrate_demo,client,5,1818980,48096,,606163,20298,
migrate_demo,client,5,1824244,48096,,606158,20298,
migrate_demo,client,5,1829479,48096,,606157,20298,
migrate_demo,client,5,1834724,48096,,606153,20298,
migrate_demo,client,5,1840040,48096,,606153,20298,
migrate_demo,client,5,1845291,48096,,606337,20298,
migrate_demo,client,5,1850567,48096,,606337,20298,
migrate_demo,client,5,1855871,48096,,606287,20298,
migrate_demo,client,5,1861084,48096,,606287,20298,
migrate_demo,client,5,1866623,48096,,606261,20298,
migrate_demo,client,5,1871922,48096,,606261,20298,
migrate_demo,client,5,1877144,48096,,606398,20298,
migrate_demo,client,5,1882369,48096,,606398,20298,
migrate_demo,client,5,1887650,48096,,606336,20298,
migrate_demo,client,5,1892920,48096,,606302,20298,
migrate_demo,client,5,1898130,48096,,606302,20298,
migrate_demo,client,5,1903389,48096,,606266,20298,
migrate_demo,client,5,1908609,48096,,606236,20298,
migrate_demo,client,5,1913845,48096,,606236,20298,
migrate_demo,client,5,1919111,48096,,606236,20298,
migrate_demo,client,5,1924297,48096,,606236,20298,
migrate_demo,client,5,1929557,48096,,606236,20298,
migrate_demo,client,5,1934802,48096,,606236,20298,
migrate_demo,client,5,1940065,48096,,606236,20298,
migrate_demo,client,5,1945351,48096,,606236,20298,
migrate_demo,client,5,1950595,48096,,606236,20298,
migrate_demo,client,5,1955777,48096,,606236,20298,
migrate_demo,client,5,1961042,48096,,606236,20298,
migrate_demo,client,5,1966538,48096,,606236,20298,
migrate_demo,client,5,1971813,48096,,606236,20298,
migrate_demo,client,5,1977045,48096,,606236,20298,
migrate_demo,client,5,1982323,48096,,606236,20298,
migrate_demo,client,5,1987641,48096,,606236,20298,
migrate_demo,client,5,1992885,48096,,606236,20298,
migrate_demo,client,5,1998132,48096,,606236,20298,
migrate_demo,client,5,2003725,48096,,606236,20298,
migrate_demo,client,5,2009061,48096,,606236,20298,
migrate_demo,client,5,2014301,48096,,606236,20298,
migrate_demo,client,5,2019571,48096,,606236,20298,
migrate_demo,client,5,2024932,48096,,606236,20298,
migrate_demo,client,5,2030221,48096,,606236,20298,
migrate_demo,client,5,2035507,48096,,606236,20298,
migrate_demo,client,5,2040741,48096,,606236,20298,
migrate_demo,client,5,2046037,48096,,606236,20298,
migrate_demo,client,5,2051310,48096,,606236,20298,
migrate_demo,client,5,2056569,48096,,606236,20298,
migrate_demo,client,5,2061812,48096,,606236,20298,
migrate_demo,client,5,2067068,48096,,606236,20298,
migrate_demo,client,5,2072577,48096,,606236,20298,
migrate_demo,client,5,2077856,48096,,606236,20298,
migrate_demo,client,5,2083148,48096,,606236,20298,
migrate_demo,client,5,2088514,48096,,606236,20298,
migrate_demo,client,5,2093831,48096,,606236,20298,
migrate_demo,client,5,2099119,48096,,606236,20298,
migrate_demo,client,5,2104362,48096,,606236,20298,
migrate_demo,client,5,2109674,48096,,606236,20298,
migrate_demo,client,5,2114979,48096,,606236,20298,
migrate_demo,client,5,2120225,48096,,606236,20298,
migrate_demo,client,5,2125470,48096,,606236,20298,
migrate_demo,client,5,2130785,48096,,606236,20298,
migrate_demo,client,5,2136092,48096,,606236,20298,
migrate_demo,client,5,2141483,48096,,606236,20298,
migrate_demo,client,5,2146794,48096,,606236,20298,
migrate_demo,client,5,2152029,48096,,606236,20298,
migrate_demo,client,5,2157275,48096,,606236,20298,
migrate_demo,client,5,2162523,48096,,606236,20298,
migrate_demo,client,5,2167788,48096,,606236,20298,
migrate_demo,client,5,2173095,48096,,606236,20298,
migrate_demo,client,5,2178408,48096,,606236,20298,
migrate_demo,client,5,2183628,48096,,606236,20298,
migrate_demo,client,5,2188957,48096,,606236,20298,
migrate_demo,client,5,2194253,48096,,606236,20298,
migrate_demo,client,5,2199608,48096,,606236,20298,
migrate_demo,client,5,2204906,48096,,606236,20298,
migrate_demo,client,5,2210083,48096,,606236,20298,
migrate_demo,client,5,2215310,48096,,606236,20298,
migrate_demo,client,5,2220483,48096,,606236,20298,
migrate_demo,client,5,2225809,48096,,606236,20298,
migrate_demo,client,5,2231006,48096,,606236,20298,
migrate_demo,client,5,2236184,48096,,606236,20298,
migrate_demo,client,5,2241454,48096,,606236,20298,
migrate_demo,client,5,2246810,48096,,606236,20298,
migrate_demo,client,5,2252082,48096,,606236,20298,
migrate_demo,client,5,2257335,48096,,606236,20298,
migrate_demo,client,5,2262581,48096,,606236,20298,
migrate_demo,client,5,2267905,48096,,606236,20298,
migrate_demo,client,5,2273168,48096,,606236,20298,
migrate_demo,client,5,2278532,48096,,606236,20298,
migrate_demo,client,5,2283828,48096,,606236,20298,
migrate_demo,client,5,2289097,48096,,606236,20298,
migrate_demo,client,5,2294394,48096,,606236,20298,
migrate_demo,client,5,2299701,48096,,606236,20298,
migrate_demo,client,5,2304872,48096,,606236,20298,
migrate_demo,client,5,2310110,48096,,606236,20298,
migrate_demo,client,5,2315350,48096,,606236,20298,
migrate_demo,client,5,2320549,48096,,606236,20298,
migrate_demo,client,5,2325807,48096,,606236,20298,
migrate_demo,client,5,2331291,48096,,606236,20298,
migrate_demo,client,5,2336574,48096,,606236,20298,
migrate_demo,client,5,2341788,48096,,606236,20298,
migrate_demo,client,5,2347145,48096,,606236,20298,
migrate_demo,client,5,2352370,48096,,606236,20298,
migrate_demo,client,5,2357595,48096,,606236,20298,
migrate_demo,client,5,2362862,48096,,606236,20298,
migrate_demo,client,5,2368080,48096,,606236,20298,
migrate_demo,client,5,2373302,48096,,606236,20298,
migrate_demo,client,5,2378902,48096,,606236,20298,
migrate_demo,client,5,2384131,48096,,606236,20298,
migrate_demo,client,5,2389401,48096,,606236,20298,
migrate_demo,client,5,2394644,48096,,606236,20298,
migrate_demo,client,5,2399874,48096,,606236,20298,
migrate_demo,client,5,2405152,48096,,606236,20298,
migrate_demo,client,5,2410409,48096,,606236,20298,
migrate_demo,client,5,2415664,48096,,606236,20298,
migrate_demo,client,5,2420978,48096,,606236,20298,
migrate_demo,client,5,2426247,48096,,606236,20298,
migrate_demo,client,5,2431575,48096,,606236,20298,
migrate_demo,client,5,2436816,48096,,606236,20298,
migrate_demo,client,5,2442098,48096,,606236,20298,
migrate_demo,client,5,2447330,48096,,606236,20298,
migrate_demo,client,5,2452640,48096,,606236,20298,
migrate_demo,client,5,2457944,48096,,606236,20298,
migrate_demo,client,5,2463364,48096,,606236,20298,
migrate_demo,client,5,2468573,48096,,606236,20298,
migrate_demo,client,5,2473839,48096,,606236,20298,
migrate_demo,client,5,2479110,48096,,606236,20298,
migrate_demo,client,5,2484443,48096,,606236,20298,
migrate_demo,client,5,2489597,48096,,606236,20298,
migrate_demo,client,5,2494800,48096,,606236,20298,
migrate_demo,client,5,2500081,48096,,606236,20298,
migrate_demo,client,5,2505364,48096,,606236,20298,
migrate_demo,client,5,2510593,48096,,606236,20298,
migrate_demo,client,5,2515852,48096,,606236,20298,
migrate_demo,client,5,2521039,48096,,606236,20298,
migrate_demo,client,5,2526836,96241,,440334,20298,
migrate_demo,client,5,2532082,96241,,440334,20298,
migrate_demo,client,5,2537349,96241,,440334,20298,
migrate_demo,client,5,2542579,96241,,440334,20298,
migrate_demo,client,5,2547837,96241,,440334,20298,
migrate_demo,client,5,2553108,96241,,440334,20298,
migrate_demo,client,5,2558436,96241,,440334,20298,
migrate_demo,client,5,2563788,96241,,440334,20298,
migrate_demo,client,5,2568965,96241,,440334,20298,
migrate_demo,client,5,2574200,96241,,440334,20298,
migrate_demo,client,5,2579614,96241,,440334,20298,
migrate_demo,client,5,2584848,96241,,440334,20298,
migrate_demo,client,5,2590132,96241,,440334,20298,
migrate_demo,client,5,2595486,96241,,440334,20298,
migrate_demo,client,5,2600842,96241,,440334,20298,
migrate_demo,client,5,2606174,96241,,440334,20298,
migrate_demo,client,5,2611464,96241,,440334,20298,
migrate_demo,client,5,2616688,96241,,440334,20298,
migrate_demo,client,5,2622060,96241,,440334,20298,
migrate_demo,client,5,2627376,96241,,440334,20298,
migrate_demo,client,5,2632650,96241,,440334,20298,
migrate_demo,client,5,2637783,96241,,440334,20298,
migrate_demo,client,5,2643034,96241,,440334,20298,
migrate_demo,client,5,2648286,96241,,440334,20298,
migrate_demo,client,5,2653620,96241,,440334,20298,
migrate_demo,client,5,2658994,96241,,440334,20298,
migrate_demo,client,5,2664202,96241,,440334,20298,
migrate_demo,client,5,2669440,96241,,440334,20298,
migrate_demo,client,5,2674793,96241,,440334,20298,
migrate_demo,client,5,2680150,96241,,440334,20298,
migrate_demo,client,5,2685496,96241,,440334,20298,
migrate_demo,client,5,2690764,96241,,440334,20298,
migrate_demo,client,5,2696152,96241,,440334,20298,
migrate_demo,client,5,2701309,96241,,440334,20298,
migrate_demo,client,5,2706593,96241,,440334,20298,
migrate_demo,client,5,2711935,96241,,440334,20298,
migrate_demo,client,5,2717149,96241,,440334,20298,
migrate_demo,client,5,2722353,96241,,440334,20298,
migrate_demo,client,5,2727623,96241,,440334,20298,
migrate_demo,client,5,2732904,96241,,440334,20298,
migrate_demo,client,5,2738320,96241,,440334,20298,
migrate_demo,client,5,2743616,96241,,440334,20298,
migrate_demo,client,5,2748885,96241,,440334,20298,
migrate_demo,client,5,2754120,96241,,440334,20298,
migrate_demo,client,5,2759389,96241,,440334,20298,
migrate_demo,client,5,2764643,96241,,440334,20298,
migrate_demo,client,5,2769910,96241,,440334,20298,
migrate_demo,client,5,2775192,96241,,440334,20298,
migrate_demo,client,5,2780502,96241,,440334,20298,
migrate_demo,client,5,2785735,96241,,440334,20298,
migrate_demo,client,5,2791037,96241,,440334,20298,
migrate_demo,client,5,2796229,96241,,440334,20298,
migrate_demo,client,5,2801426,96241,,440334,20298,
migrate_demo,client,5,2806621,96241,,440334,20298,
migrate_demo,client,5,2811823,96241,,440334,20298,
migrate_demo,client,5,2817086,96241,,440334,20298,
migrate_demo,client,5,2822384,96241,,440334,20298,
migrate_demo,client,5,2827719,96241,,440334,20298,
migrate_demo,client,5,2832951,96241,,440334,20298,
migrate_demo,client,5,2838342,96241,,440334,20298,
migrate_demo,client,5,2843842,96241,,440334,20298,
migrate_demo,client,5,2849156,96241,,440334,20298,
migrate_demo,client,5,2854505,96241,,440334,20298,
migrate_demo,client,5,2859818,96241,,440334,20298,
migrate_demo,client,5,2865073,96241,,440334,20298,
migrate_demo,client,5,2870415,96241,,440334,20298,
migrate_demo,client,5,2875672,96241,,440334,20298,
migrate_demo,client,5,2880910,96241,,440334,20298,
migrate_demo,client,5,2886068,96241,,440334,20298,
migrate_demo,client,5,2891364,96241,,440334,20298,
migrate_demo,client,5,2896598,96241,,440334,20298,
migrate_demo,client,5,2901892,96241,,440334,20298,
migrate_demo,client,5,2907214,96241,,440334,20298,
migrate_demo,client,5,2912478,96241,,440334,20298,
migrate_demo,client,5,2917795,96241,,440334,20298,
migrate_demo,client,5,2922984,96241,,440334,20298,
migrate_demo,client,5,2928166,96241,,440334,20298,
migrate_demo,client,5,2933360,96241,,440334,20298,
migrate_demo,client,5,2938649,96241,,440334,20298,
migrate_demo,client,5,2943885,96241,,440334,20298,
migrate_demo,client,5,2949157,96241,,440334,20298,
migrate_demo,client,5,2954602,96241,,440334,20298,
migrate_demo,client,5,2959853,96241,,440334,20298,
migrate_demo,client,5,2965103,96241,,440334,20298,
migrate_demo,client,5,2970375,96241,,440334,20298,
migrate_demo,client,5,2975692,96241,,440334,20298,
migrate_demo,client,5,2981149,96241,,440334,20298,
migrate_demo,client,5,2986378,96241,,440334,20298,
migrate_demo,client,5,2991624,96241,,440334,20298,
migrate_demo,client,5,2996870,96241,,440334,20298,
migrate_demo,client,5,3002087,96241,,440334,20298,
migrate_demo,client,5,3007455,96241,,440334,20298,
migrate_demo,client,5,3012726,96241,,440334,20298,
migrate_demo,client,5,3017950,96241,,440334,20298,
migrate_demo,client,5,3023187,96241,,440334,20298,
migrate_demo,client,5,3028484,96290,,448020,20298,
migrate_demo,client,5,3033762,96290,,448020,20298,
migrate_demo,client,5,3038982,96290,,455303,20298,
migrate_demo,client,5,3044221,96290,,462206,20298,
migrate_demo,client,5,3049501,96290,,462206,20298,
migrate_demo,client,5,3054814,96290,,474501,20298,
migrate_demo,client,5,3060183,96290,,479983,20298,
migrate_demo,client,5,3065482,96290,,485352,20298,
migrate_demo,client,5,3070852,96290,,485352,20298,
migrate_demo,client,5,3076165,96290,,490615,20298,
migrate_demo,client,5,3081447,96290,,500264,20298,
migrate_demo,client,5,3086700,96290,,500264,20298,
migrate_demo,client,5,3092043,96290,,500264,20298,
migrate_demo,client,5,3097280,96290,,500264,20298,
migrate_demo,client,5,3102554,96290,,506239,20298,
migrate_demo,client,5,3107764,96290,,506239,20298,
migrate_demo,client,5,3113199,96290,,506239,20298,
migrate_demo,client,5,3118475,96290,,506239,20298,
migrate_demo,client,5,3123679,96290,,506239,20298,
migrate_demo,client,5,3128966,96290,,506239,20298,
migrate_demo,client,5,3134175,96290,,506239,20298,
migrate_demo,client,5,3139464,96290,,506239,20298,
migrate_demo,client,5,3144770,96290,,506239,20298,
migrate_demo,client,5,3150001,96290,,506239,20298,
migrate_demo,client,5,3155240,96290,,506239,20298,
migrate_demo,client,5,3160620,96290,,506239,20298,
migrate_demo,client,5,3165984,96290,,506239,20298,
migrate_demo,client,5,3171216,96290,,506239,20298,
migrate_demo,client,5,3176453,96290,,506239,20298,
migrate_demo,client,5,3181712,96290,,506239,20298,
migrate_demo,client,5,3187131,96290,,506239,20298,
migrate_demo,client,5,3192539,96290,,506239,20298,
migrate_demo,client,5,3197803,96290,,506239,20298,
migrate_demo,client,5,3203114,96290,,506239,20298,
migrate_demo,client,5,3208332,96290,,506239,20298,
migrate_demo,client,5,3213649,96290,,506239,20298,
migrate_demo,client,5,3219065,96290,,506239,20298,
migrate_demo,client,5,3224313,96290,,506239,20298,
migrate_demo,client,5,3229474,96290,,506239,20298,
migrate_demo,client,5,3234782,96290,,506239,20298,
migrate_demo,client,5,3240077,96290,,506239,20298,
migrate_demo,client,5,3245374,96290,,506239,20298,
migrate_demo,client,5,3250677,96290,,506239,20298,
migrate_demo,client,5,3256086,96290,,506239,20298,
migrate_demo,client,5,3261329,96290,,506239,20298,
migrate_demo,client,5,3266512,96290,,506239,20298,
migrate_demo,client,5,3271721,96290,,515548,20298,
migrate_demo,client,5,3276941,96290,,515548,20298,
migrate_demo,client,5,3282139,96290,,515548,20298,
migrate_demo,client,5,3287611,96290,,515548,20298,
migrate_demo,client,5,3292928,96290,,515548,20298,
migrate_demo,client,5,3298197,96290,,515548,20298,
migrate_demo,client,5,3303476,96290,,515548,20298,
migrate_demo,client,5,3308762,96290,,515548,20298,
migrate_demo,client,5,3314007,96290,,515548,20298,
migrate_demo,client,5,3319293,96290,,515548,20298,
migrate_demo,client,5,3324576,96290,,515548,20298,
migrate_demo,client,5,3329782,96290,,515548,20298,
migrate_demo,client,5,3334995,96290,,515548,20298,
migrate_demo,client,5,3340199,96290,,515548,20298,
migrate_demo,client,5,3345443,96290,,515548,20298,
migrate_demo,client,5,3350725,96290,,515548,20298,
migrate_demo,client,5,3356035,96290,,515548,20298,
migrate_demo,client,5,3361295,96290,,515548,20298,
migrate_demo,client,5,3366589,96290,,515548,20298,
migrate_demo,client,5,3371786,96290,,515548,20298,
migrate_demo,client,5,3377079,96290,,515548,20298,
migrate_demo,client,5,3382267,96290,,515548,20298,
migrate_demo,client,5,3387572,96290,,515548,20298,
migrate_demo,client,5,3392831,96290,,515548,20298,
migrate_demo,client,5,3398081,96290,,515548,20298,
migrate_demo,client,5,3403277,96290,,515548,20298,
migrate_demo,client,5,3408507,96290,,515548,20298,
migrate_demo,client,5,3413811,96290,,515548,20298,
migrate_demo,client,5,3419126,96290,,515548,20298,
migrate_demo,client,5,3424349,96290,,515548,20298,
migrate_demo,client,5,3429614,96290,,515548,20298,
migrate_demo,client,5,3434887,96290,,515548,20298,
migrate_demo,client,5,3440395,96290,,515548,20298,
migrate_demo,client,5,3445734,96290,,515548,20298,
migrate_demo,client,5,3450958,96290,,515548,20298,
migrate_demo,client,5,3456230,96290,,515548,20298,
migrate_demo,client,5,3461474,96290,,515548,20298,
migrate_demo,client,5,3466769,96290,,515548,20298,
migrate_demo,client,5,3471997,96290,,515548,20298,
migrate_demo,client,5,3477172,96290,,515548,20298,
migrate_demo,client,5,3482483,96290,,515548,20298,
migrate_demo,client,5,3487769,96290,,515548,20298,
migrate_demo,client,5,3492994,96290,,515548,20298,
migrate_demo,client,5,3498252,96290,,515548,20298,
migrate_demo,client,5,3503567,96290,,515548,20298,
migrate_demo,client,5,3508852,96290,,515548,20298,
migrate_demo,client,5,3514115,96290,,515548,20298,
migrate_demo,client,5,3519540,96290,,515548,20298,
migrate_demo,client,5,3524858,96290,,515548,20298,
migrate_demo,client,5,3530118,96290,,515548,20298,
migrate_demo,client,5,3535270,96290,,515548,20298,
migrate_demo,client,5,3540568,96290,,515548,20298,
migrate_demo,client,5,3545883,96290,,515548,20298,
migrate_demo,client,5,3551083,96290,,515548,20298,
migrate_demo,client,5,3556343,96290,,515548,20298,
migrate_demo,client,5,3561634,96290,,515548,20298,
migrate_demo,client,5,3566956,96290,,515548,20298,
migrate_demo,client,5,3572178,96290,,515548,20298,
migrate_demo,client,5,3577440,96290,,515548,20298,
migrate_demo,client,5,3582670,96290,,515548,20298,
migrate_demo,client,5,3588023,96290,,515548,20298,
migrate_demo,client,5,3593325,96290,,515548,20298,
migrate_demo,client,5,3598736,96290,,515548,20298,
migrate_demo,client,5,3604113,96290,,515548,20298,
migrate_demo,client,5,3609413,96290,,515548,20298,
migrate_demo,client,5,3614741,96290,,515548,20298,
migrate_demo,client,5,3619999,96290,,515548,20298,
migrate_demo,client,5,3625347,96290,,515548,20298,
migrate_demo,client,5,3630572,96290,,515548,20298,
migrate_demo,client,5,3635852,96290,,515548,20298,
migrate_demo,client,5,3641089,96290,,515548,20298,
migrate_demo,client,5,3646305,96290,,515548,20298,
migrate_demo,client,5,3651704,96290,,515548,20298,
migrate_demo,client,5,3656902,96290,,515548,20298,
migrate_demo,client,5,3662139,96290,,515548,20298,
migrate_demo,client,5,3667361,96290,,515548,20298,
migrate_demo,client,5,3672582,96290,,515548,20298,
migrate_demo,client,5,3677959,96290,,515548,20298,
migrate_demo,client,5,3683227,96290,,515548,20298,
migrate_demo,client,5,3688511,96290,,515548,20298,
migrate_demo,client,5,3693745,96290,,515548,20298,
migrate_demo,client,5,3699032,96290,,515548,20298,
migrate_demo,client,5,3704426,96290,,515548,20298,
migrate_demo,client,5,3709759,96290,,515548,20298,
migrate_demo,client,5,3715024,96290,,515548,20298,
migrate_demo,client,5,3720236,96290,,515548,20298,
migrate_demo,client,5,3725697,96290,,515548,20298,
migrate_demo,client,5,3731356,96290,,515548,20298,
migrate_demo,client,5,3736573,96290,,515548,20298,
migrate_demo,client,5,3741858,96290,,515548,20298,
migrate_demo,client,5,3747145,96290,,515548,20298,
migrate_demo,client,5,3752361,96290,,515548,20298,
migrate_demo,client,5,3757592,96290,,515548,20298,
migrate_demo,client,5,3762817,96290,,515548,20298,
migrate_demo,client,5,3768044,96290,,515548,20298,
migrate_demo,client,5,3773302,96290,,515548,20298,
migrate_demo,client,5,3778500,96290,,515548,20298,
migrate_demo,client,5,3783798,96290,,515548,20298,
migrate_demo,client,5,3789099,96290,,515548,20298,
migrate_demo,client,5,3794316,96290,,515548,20298,
migrate_demo,client,5,3799568,96290,,515548,20298,
migrate_demo,client,5,3804821,96290,,515548,20298,
migrate_demo,client,5,3810100,96290,,515548,20298,
migrate_demo,client,5,3815314,96290,,524382,20298,
migrate_demo,client,5,3820558,96290,,524382,20298,
migrate_demo,client,5,3825774,96290,,524382,20298,
migrate_demo,client,5,3831073,96290,,524382,20298,
migrate_demo,client,5,3836316,96290,,524382,20298,
migrate_demo,client,5,3841567,96290,,524382,20298,
migrate_demo,client,5,3846798,96290,,524382,20298,
migrate_demo,client,5,3852095,96290,,524382,20298,
migrate_demo,client,5,3857355,96290,,524382,20298,
migrate_demo,client,5,3862675,96290,,524382,20298,
migrate_demo,client,5,3867920,96290,,524382,20298,
migrate_demo,client,5,3873147,96290,,524382,20298,
migrate_demo,client,5,3878439,96290,,524382,20298,
migrate_demo,client,5,3883821,96290,,524382,20298,
migrate_demo,client,5,3889051,96290,,524382,20298,
migrate_demo,client,5,3894305,96290,,524382,20298,
migrate_demo,client,5,3899562,96290,,524382,20298,
migrate_demo,client,5,3904887,96290,,524382,20298,
migrate_demo,client,5,3910200,96290,,524382,20298,
migrate_demo,client,5,3915500,96290,,524382,20298,
migrate_demo,client,5,3920720,96290,,524382,20298,
migrate_demo,client,5,3926010,96290,,524382,20298,
migrate_demo,client,5,3931316,96290,,524382,20298,
migrate_demo,client,5,3936594,96290,,524382,20298,
migrate_demo,client,5,3941846,96290,,524382,20298,
migrate_demo,client,5,3947173,96290,,524382,20298,
migrate_demo,client,5,3952422,96290,,524382,20298,
migrate_demo,client,5,3957690,96290,,524382,20298,
migrate_demo,client,5,3963020,96290,,524382,20298,
migrate_demo,client,5,3968367,96290,,524382,20298,
migrate_demo,client,5,3973616,96290,,524382,20298,
migrate_demo,client,5,3978879,96290,,524382,20298,
migrate_demo,client,5,3984164,96290,,524382,20298,
migrate_demo,client,5,3989413,96290,,524382,20298,
migrate_demo,client,5,3994654,96290,,524382,20298,
migrate_demo,client,5,3999917,96290,,524382,20298,
migrate_demo,client,5,4005144,96290,,524382,20298,
migrate_demo,client,5,4010474,96290,,524382,20298,
migrate_demo,client,5,4015753,96290,,524382,20298,
migrate_demo,client,5,4021093,96290,,524382,20298,
migrate_demo,client,5,4026410,96290,,524382,20298,
migrate_demo,client,5,4031610,96290,,524382,20298,
migrate_demo,client,5,4036844,96290,,524382,20298,
migrate_demo,client,5,4042086,96290,,524382,20298,
migrate_demo,client,5,4047446,96290,,524382,20298,
migrate_demo,client,5,4052685,96290,,524382,20298,
migrate_demo,client,5,4058010,96290,,524382,20298,
migrate_demo,client,5,4063289,96290,,524382,20298,
migrate_demo,client,5,4068696,96290,,524382,20298,
migrate_demo,client,5,4074003,96290,,524382,20298,
migrate_demo,client,5,4079314,96290,,524382,20298,
migrate_demo,client,5,4084811,96290,,524382,20298,
migrate_demo,client,5,4090126,96290,,524382,20298,
migrate_demo,client,5,4095374,96290,,524382,20298,
migrate_demo,client,5,4100788,96290,,524382,20298,
migrate_demo,client,5,4106107,96290,,524382,20298,
migrate_demo,client,5,4111395,96290,,524382,20298,
migrate_demo,client,5,4116724,96290,,524382,20298,
migrate_demo,client,5,4122014,96290,,524382,20298,
migrate_demo,client,5,4127219,96290,,524382,20298,
migrate_demo,client,5,4132566,96290,,524382,20298,
migrate_demo,client,5,4137926,96290,,524382,20298,
migrate_demo,client,5,4143159,96290,,524382,20298,
migrate_demo,client,5,4148367,96290,,524382,20298,
migrate_demo,client,5,4153590,96290,,524382,20298,
migrate_demo,client,5,4158816,96290,,524382,20298,
migrate_demo,client,5,4164091,96290,,524382,20298,
migrate_demo,client,5,4169465,96290,,524382,20298,
migrate_demo,client,5,4174821,96290,,524382,20298,
migrate_demo,client,5,4180340,96290,,524382,20298,
migrate_demo,client,5,4185858,96290,,524382,20298,
migrate_demo,client,5,4191619,96290,,524382,20298,
migrate_demo,client,5,4196953,96290,,524382,20298,
migrate_demo,client,5,4202401,96290,,524382,20298,
migrate_demo,client,5,4207813,96290,,524382,20298,
migrate_demo,client,5,4213162,96290,,524382,20298,
migrate_demo,client,5,4218709,96290,,524382,20298,
migrate_demo,client,5,4224350,96290,,524382,20298,
migrate_demo,client,5,4229795,96290,,524382,20298,
migrate_demo,client,5,4235279,96290,,524382,20298,
migrate_demo,client,5,4240507,96290,,524382,20298,
migrate_demo,client,5,4245855,96290,,524382,20298,
migrate_demo,client,5,4251125,96290,,524382,20298,
migrate_demo,client,5,4256535,96290,,524382,20298,
migrate_demo,client,5,4261952,96290,,524382,20298,
migrate_demo,client,5,4267577,96290,,524382,20298,
migrate_demo,client,5,4272893,96290,,524382,20298,
migrate_demo,client,5,4278246,96290,,524382,20298,
migrate_demo,client,5,4283757,96290,,524382,20298,
migrate_demo,client,5,4288963,96290,,524382,20298,
migrate_demo,client,5,4294580,96290,,524382,20298,
migrate_demo,client,5,4299836,96290,,524382,20298,
migrate_demo,client,5,4305135,96290,,524382,20298,
migrate_demo,client,5,4310694,96290,,524382,20298,
migrate_demo,client,5,4316488,96290,,524382,20298,
migrate_demo,client,5,4321658,96290,,524382,20298,
migrate_demo,client,5,4327291,96290,,524382,20298,
migrate_demo,client,5,4332747,96290,,524382,20298,
migrate_demo,client,5,4338242,96290,,524382,20298,
migrate_demo,client,5,4343880,96290,,524382,20298,
migrate_demo,client,5,4349255,96290,,524382,20298,
migrate_demo,client,5,4354778,96290,,524382,20298,
migrate_demo,client,5,4360108,96290,,524382,20298,
migrate_demo,client,5,4365488,96290,,524382,20298,
migrate_demo,client,5,4371117,96290,,524382,20298,
migrate_demo,client,5,4376384,96290,,524382,20298,
migrate_demo,client,5,4381747,96290,,524382,20298,
migrate_demo,client,5,4387292,96290,,524382,20298,
migrate_demo,client,5,4392658,96290,,524382,20298,
migrate_demo,client,5,4398363,96290,,524382,20298,
migrate_demo,client,5,4404105,96290,,524382,20298,
migrate_demo,client,5,4409395,96290,,524382,20298,
migrate_demo,client,5,4414696,96290,,524382,20298,
migrate_demo,client,5,4419982,96290,,524382,20298,
migrate_demo,client,5,4425316,96290,,524382,20298,
migrate_demo,client,5,4430618,96290,,524382,20298,
migrate_demo,client,5,4436191,96290,,524382,20298,
migrate_demo,client,5,4441555,96290,,524382,20298,
migrate_demo,client,5,4446843,96290,,524382,20298,
migrate_demo,client,5,4452069,96290,,524382,20298,
migrate_demo,client,5,4457382,96290,,524382,20298,
migrate_demo,client,5,4462702,96290,,524382,20298,
migrate_demo,client,5,4467905,96290,,524382,20298,
migrate_demo,client,5,4473174,96290,,524382,20298,
migrate_demo,client,5,4478440,96290,,524382,20298,
migrate_demo,client,5,4483858,96290,,524382,20298,
migrate_demo,client,5,4489319,96290,,524382,20298,
migrate_demo,client,5,4494876,96290,,524382,20298,
migrate_demo,client,5,4500378,96290,,524382,20298,
migrate_demo,client,5,4505936,96290,,524382,20298,
migrate_demo,client,5,4511217,96290,,524382,20298,
migrate_demo,client,5,4516495,96290,,524382,20298,
migrate_demo,client,5,4522047,96290,,524382,20298,
migrate_demo,client,5,4527664,96290,,524382,20298,
migrate_demo,client,5,4533171,96290,,524382,20298,
migrate_demo,client,5,4538806,96290,,524382,20298,
migrate_demo,client,5,4544485,96290,,524382,20298,
migrate_demo,client,5,4549983,96290,,524382,20298,
migrate_demo,client,5,4555602,96290,,524382,20298,
migrate_demo,client,5,4560950,96290,,524382,20298,
migrate_demo,client,5,4566192,96290,,524382,20298,
migrate_demo,client,5,4571760,96290,,524382,20298,
migrate_demo,client,5,4577342,96290,,524382,20298,
migrate_demo,client,5,4582680,96290,,524382,20298,
migrate_demo,client,5,4588266,96290,,524382,20298,
migrate_demo,client,5,4593490,96290,,524382,20298,
migrate_demo,client,5,4598959,96290,,524382,20298,
migrate_demo,client,5,4604651,96290,,524382,20298,
migrate_demo,client,5,4610465,96290,,524382,20298,
migrate_demo,client,5,4616111,96290,,524382,20298,
migrate_demo,client,5,4621530,96290,,524382,20298,
migrate_demo,client,5,4627037,96290,,524382,20298,
migrate_demo,client,5,4632278,96290,,524382,20298,
migrate_demo,client,5,4637964,96290,,524382,20298,
migrate_demo,client,5,4643312,96290,,524382,20298,
migrate_demo,client,5,4648581,96290,,524382,20298,
migrate_demo,client,5,4653891,96290,,524382,20298,
migrate_demo,client,5,4659266,96290,,524382,20298,
migrate_demo,client,5,4664552,96290,,531849,20298,
migrate_demo,client,5,4670125,96290,,531849,20298,
migrate_demo,client,5,4675825,96290,,531849,20298,
migrate_demo,client,5,4681098,96290,,531849,20298,
migrate_demo,client,5,4686675,96290,,531849,20298,
migrate_demo,client,5,4691987,96290,,531849,20298,
migrate_demo,client,5,4697736,96290,,538483,20298,
migrate_demo,client,5,4703083,96290,,538483,20298,
migrate_demo,client,5,4708377,96290,,538483,20298,
migrate_demo,client,5,4713841,96290,,538483,20298,
migrate_demo,client,5,4719194,96290,,538483,20298,
migrate_demo,client,5,4724564,96290,,538483,20298,
migrate_demo,client,5,4729872,96290,,538483,20298,
migrate_demo,client,5,4735127,96290,,538483,20298,
migrate_demo,client,5,4740343,96290,,538483,20298,
migrate_demo,client,5,4745762,96290,,538483,20298,
migrate_demo,client,5,4751282,96290,,538483,20298,
migrate_demo,client,5,4756598,96290,,538483,20298,
migrate_demo,client,5,4762001,96290,,538483,20298,
migrate_demo,client,5,4767750,96290,,538483,20298,
migrate_demo,client,5,4773089,96290,,538483,20298,
migrate_demo,client,5,4778323,96290,,538483,20298,
migrate_demo,client,5,4783651,96290,,538483,20298,
migrate_demo,client,5,4789299,96290,,538483,20298,
migrate_demo,client,5,4794824,96290,,538483,20298,
migrate_demo,client,5,4800053,96290,,538483,20298,
migrate_demo,client,5,4805226,96290,,538483,20298,
migrate_demo,client,5,4810853,96290,,538483,20298,
migrate_demo,client,5,4816570,96290,,538483,20298,
migrate_demo,client,5,4822303,96290,,538483,20298,
migrate_demo,client,5,4827661,96290,,538483,20298,
migrate_demo,client,5,4832895,96290,,538483,20298,
migrate_demo,client,5,4838390,96290,,538483,20298,
migrate_demo,client,5,4844021,96290,,538483,20298,
migrate_demo,client,5,4849336,96290,,538483,20298,
migrate_demo,client,5,4854678,96290,,538483,20298,
migrate_demo,client,5,4859937,96290,,538483,20298,
migrate_demo,client,5,4865161,96290,,538483,20298,
migrate_demo,client,5,4870412,96290,,538483,20298,
migrate_demo,client,5,4875683,96290,,538483,20298,
migrate_demo,client,5,4881164,96290,,538483,20298,
migrate_demo,client,5,4886668,96290,,538483,20298,
migrate_demo,client,5,4892376,96290,,538483,20298,
migrate_demo,client,5,4897998,96290,,538483,20298,
migrate_demo,client,5,4903681,96290,,538483,20298,
migrate_demo,client,5,4908999,96290,,538483,20298,
migrate_demo,client,5,4914464,96290,,538483,20298,
migrate_demo,client,5,4920065,96290,,538483,20298,
migrate_demo,client,5,4925725,96290,,538483,20298,
migrate_demo,client,5,4931023,96290,,538483,20298,
migrate_demo,client,5,4936334,96290,,538483,20298,
migrate_demo,client,5,4941576,96290,,538483,20298,
migrate_demo,client,5,4946884,96290,,538483,20298,
migrate_demo,client,5,4952134,96290,,538483,20298,
migrate_demo,client,5,4957438,96290,,538483,20298,
migrate_demo,client,5,4963125,96290,,538483,20298,
migrate_demo,client,5,4968410,96290,,538483,20298,
migrate_demo,client,5,4973693,96290,,538483,20298,
migrate_demo,client,5,4979005,96290,,538483,20298,
migrate_demo,client,5,4984293,96290,,538483,20298,
migrate_demo,client,5,4989622,96290,,538483,20298,
migrate_demo,client,5,4994901,96290,,538483,20298,
migrate_demo,client,5,5000355,96290,,538483,20298,
migrate_demo,client,5,5005636,96290,,538483,20298,
migrate_demo,client,5,5011177,96290,,538483,20298,
migrate_demo,client,5,5016542,96290,,538483,20298,
migrate_demo,client,5,5021993,96290,,538483,20298,
migrate_demo,client,5,5027309,96290,,538483,20298,
migrate_demo,client,5,5032867,96290,,333000,4294967295,
migrate_demo,client,5,5038502,96290,,333000,4294967295,
migrate_demo,client,5,5043881,96290,,333000,4294967295,
migrate_demo,client,5,5049619,96290,,333000,4294967295,
migrate_demo,client,5,5055655,96290,,333000,4294967295,
migrate_demo,client,5,5060947,96290,,333000,4294967295,
migrate_demo,client,5,5066345,96290,,333000,4294967295,
migrate_demo,client,5,5071768,96290,,333000,4294967295,
