k,burst_bytes,rate_mbit,rep,discard_leading,measured_median_rate_bps,iqr_over_median,n_gaps_kept,packets_received,packets_sent
5,1600,20,1,0,20338471.801227,0.334512,4,5,5
5,1600,20,1,1,20252545.326688,0.075457,3,5,5
5,1600,20,1,2,20338471.801227,0.012674,2,5,5
5,1600,20,2,0,19942111.141072,0.260418,4,5,5
5,1600,20,2,1,19640672.163261,0.037167,3,5,5
5,1600,20,2,2,19942111.141072,0.045347,2,5,5
5,1600,20,3,0,20466396.138025,0.239808,4,5,5
5,1600,20,3,1,20440617.086101,0.046384,3,5,5
5,1600,20,3,2,19992333.956611,0.067268,2,5,5
5,1600,20,4,0,20402105.038695,0.255868,4,5,5
5,1600,20,4,1,20086686.505369,0.051097,3,5,5
5,1600,20,4,2,20402105.038695,0.046380,2,5,5
5,1600,20,5,0,20268032.257424,0.258654,4,5,5
5,1600,20,5,1,19909589.304607,0.057130,3,5,5
5,1600,20,5,2,20057757.783613,0.085062,2,5,5
5,1600,20,6,0,20109515.624303,0.239557,4,5,5
5,1600,20,6,1,20073862.763954,0.008548,3,5,5
5,1600,20,6,2,20059377.070651,0.012831,2,5,5
5,1600,20,7,0,20068749.755594,0.251751,4,5,5
5,1600,20,7,1,19763065.980316,0.034806,3,5,5
5,1600,20,7,2,19724809.327065,0.005819,2,5,5
8,1600,20,1,0,19956295.391735,0.024373,7,8,8
8,1600,20,1,1,19901445.874199,0.017550,6,8,8
8,1600,20,1,2,19846596.356663,0.024258,5,8,8
8,1600,20,2,0,20100502.512563,0.015140,7,8,8
8,1600,20,2,1,20070016.493666,0.016995,6,8,8
8,1600,20,2,2,20039530.474769,0.016544,5,8,8
8,1600,20,3,0,20114785.460508,0.019882,7,8,8
8,1600,20,3,1,20097934.854856,0.018688,6,8,8
8,1600,20,3,2,20081084.249203,0.020134,5,8,8
8,1600,20,4,0,20340856.748042,0.039499,7,8,8
8,1600,20,4,1,20304819.209007,0.039682,6,8,8
8,1600,20,4,2,20268781.669971,0.059419,5,8,8
8,1600,20,5,0,20026686.123619,0.017485,7,8,8
8,1600,20,5,1,19982180.412041,0.016348,6,8,8
8,1600,20,5,2,20026686.123619,0.019459,5,8,8
8,1600,20,6,0,20234562.898006,0.066708,7,8,8
8,1600,20,6,1,20076466.431643,0.049361,6,8,8
8,1600,20,6,2,19918369.965279,0.054693,5,8,8
8,1600,20,7,0,20107621.104098,0.097735,7,8,8
8,1600,20,7,1,20041587.186120,0.074126,6,8,8
8,1600,20,7,2,20107621.104098,0.094778,5,8,8
12,1600,20,1,0,20069240.495591,0.050746,11,12,12
12,1600,20,1,1,20053536.801191,0.036966,10,12,12
12,1600,20,1,2,20069240.495591,0.048732,9,12,12
12,1600,20,2,0,20089976.242228,0.036739,11,12,12
12,1600,20,2,1,20077865.585914,0.030295,10,12,12
12,1600,20,2,2,20065754.929600,0.035892,9,12,12
12,1600,20,3,0,20180970.660817,0.025945,11,12,12
12,1600,20,3,1,20135696.870270,0.032132,10,12,12
12,1600,20,3,2,20090423.079723,0.040867,9,12,12
12,1600,20,4,0,19947321.084415,0.061428,11,12,12
12,1600,20,4,1,19928016.374362,0.055174,10,12,12
12,1600,20,4,2,19947321.084415,0.046870,9,12,12
12,1600,20,5,0,20017527.424375,0.077820,11,12,12
12,1600,20,5,1,20008019.001146,0.074026,10,12,12
12,1600,20,5,2,20017527.424375,0.057245,9,12,12
12,1600,20,6,0,20218751.589764,0.053273,11,12,12
12,1600,20,6,1,20172595.012228,0.041753,10,12,12
12,1600,20,6,2,20218751.589764,0.036081,9,12,12
12,1600,20,7,0,20117473.410556,0.031912,11,12,12
12,1600,20,7,1,20065685.975604,0.031327,10,12,12
12,1600,20,7,2,20117473.410556,0.028583,9,12,12
20,1600,20,1,0,20025233.083555,0.027229,19,20,20
20,1600,20,1,1,20019323.936227,0.022507,18,20,20
20,1600,20,1,2,20025233.083555,0.023603,17,20,20
20,1600,20,2,0,20115477.742596,0.028338,19,20,20
20,1600,20,2,1,20115274.127332,0.029084,18,20,20
20,1600,20,2,2,20115477.742596,0.022326,17,20,20
20,1600,20,3,0,19994244.812785,0.033226,19,20,20
20,1600,20,3,1,19977695.646483,0.027914,18,20,20
20,1600,20,3,2,19994244.812785,0.030616,17,20,20
20,1600,20,4,0,19974308.407664,0.022605,19,20,20
20,1600,20,4,1,19971598.728667,0.016333,18,20,20
20,1600,20,4,2,19974308.407664,0.018809,17,20,20
20,1600,20,5,0,19989578.701925,0.014958,19,20,20
20,1600,20,5,1,19973458.138699,0.014955,18,20,20
20,1600,20,5,2,19989578.701925,0.015495,17,20,20
20,1600,20,6,0,20108475.673925,0.021877,19,20,20
20,1600,20,6,1,20070811.152715,0.024676,18,20,20
20,1600,20,6,2,20108475.673925,0.019760,17,20,20
20,1600,20,7,0,20024789.141147,0.011354,19,20,20
20,1600,20,7,1,20020109.858326,0.011890,18,20,20
20,1600,20,7,2,20024789.141147,0.010840,17,20,20
5,1600,50,1,0,53326572.058002,0.393452,4,5,5
5,1600,50,1,1,49412185.952139,0.257564,3,5,5
5,1600,50,1,2,53326572.058002,0.220212,2,5,5
5,1600,50,2,0,50498297.372302,0.277623,4,5,5
5,1600,50,2,1,50246529.621482,0.065365,3,5,5
5,1600,50,2,2,49107894.549809,0.100320,2,5,5
5,1600,50,3,0,51213449.071800,0.297280,4,5,5
5,1600,50,3,1,47384685.818931,0.189480,3,5,5
5,1600,50,3,2,50552988.258384,0.266407,2,5,5
5,1600,50,4,0,51611911.884487,0.203997,4,5,5
5,1600,50,4,1,51199340.427176,0.045961,3,5,5
5,1600,50,4,2,50847895.431491,0.069418,2,5,5
5,1600,50,5,0,50271441.227970,0.316976,4,5,5
5,1600,50,5,1,49735206.078747,0.088479,3,5,5
5,1600,50,5,2,48071171.382009,0.103848,2,5,5
5,1600,50,6,0,55372144.751970,0.214764,4,5,5
5,1600,50,6,1,56020387.451794,0.275325,3,5,5
5,1600,50,6,2,50676185.157714,0.316374,2,5,5
5,1600,50,7,0,52582377.118461,0.192355,4,5,5
5,1600,50,7,1,51137153.179860,0.116382,3,5,5
5,1600,50,7,2,49606665.929560,0.092557,2,5,5
8,1600,50,1,0,50106910.880704,0.119304,7,8,8
8,1600,50,1,1,49843750.897959,0.059132,6,8,8
8,1600,50,1,2,49580590.915215,0.027234,5,8,8
8,1600,50,2,0,50653561.451090,0.027568,7,8,8
8,1600,50,2,1,50568630.981622,0.020377,6,8,8
8,1600,50,2,2,50653561.451090,0.016626,5,8,8
8,1600,50,3,0,51400902.205852,0.034754,7,8,8
8,1600,50,3,1,50826130.072814,0.038494,6,8,8
8,1600,50,3,2,50251357.939775,0.047055,5,8,8
8,1600,50,4,0,50887822.466236,0.045520,7,8,8
8,1600,50,4,1,50656426.140880,0.049742,6,8,8
8,1600,50,4,2,50425029.815524,0.067559,5,8,8
8,1600,50,5,0,50188662.090285,0.146037,7,8,8
8,1600,50,5,1,49000899.095612,0.103082,6,8,8
8,1600,50,5,2,50188662.090285,0.117595,5,8,8
8,1600,50,6,0,50957504.641359,0.262114,7,8,8
8,1600,50,6,1,49886131.524295,0.200284,6,8,8
8,1600,50,6,2,48814758.407232,0.226248,5,8,8
8,1600,50,7,0,50550222.072986,0.081775,7,8,8
8,1600,50,7,1,50297650.461599,0.080163,6,8,8
8,1600,50,7,2,50550222.072986,0.065978,5,8,8
12,1600,50,1,0,50252628.704083,0.042684,11,12,12
12,1600,50,1,1,50201266.655121,0.027624,10,12,12
12,1600,50,1,2,50149904.606160,0.032214,9,12,12
12,1600,50,2,0,50888343.721671,0.061794,11,12,12
12,1600,50,2,1,50183236.477201,0.058684,10,12,12
12,1600,50,2,2,49478129.232730,0.052743,9,12,12
12,1600,50,3,0,50534282.037850,0.135162,11,12,12
12,1600,50,3,1,50358176.832237,0.117913,10,12,12
12,1600,50,3,2,50182071.626624,0.142402,9,12,12
12,1600,50,4,0,50279838.472983,0.045206,11,12,12
12,1600,50,4,1,50244648.607711,0.036516,10,12,12
12,1600,50,4,2,50209458.742439,0.032968,9,12,12
12,1600,50,5,0,50607895.768923,0.031988,11,12,12
12,1600,50,5,1,50501373.364902,0.028264,10,12,12
12,1600,50,5,2,50394850.960880,0.026396,9,12,12
12,1600,50,6,0,50332816.631713,0.076638,11,12,12
12,1600,50,6,1,50896275.782179,0.068747,10,12,12
12,1600,50,6,2,50332816.631713,0.065449,9,12,12
12,1600,50,7,0,50344292.945415,0.022852,11,12,12
12,1600,50,7,1,50300621.364465,0.025083,10,12,12
12,1600,50,7,2,50256949.783515,0.025369,9,12,12
20,1600,50,1,0,50133457.119647,0.098817,19,20,20
20,1600,50,1,1,50077804.318010,0.089931,18,20,20
20,1600,50,1,2,50133457.119647,0.088447,17,20,20
20,1600,50,2,0,50787419.686259,0.052288,19,20,20
20,1600,50,2,1,50714423.593684,0.051281,18,20,20
20,1600,50,2,2,50787419.686259,0.052686,17,20,20
20,1600,50,3,0,50059702.846088,0.090609,19,20,20
20,1600,50,3,1,49989658.496999,0.077165,18,20,20
20,1600,50,3,2,50059702.846088,0.082951,17,20,20
20,1600,50,4,0,50528628.312509,0.052958,19,20,20
20,1600,50,4,1,50413905.627262,0.052768,18,20,20
20,1600,50,4,2,50528628.312509,0.047332,17,20,20
20,1600,50,5,0,50092259.293990,0.060504,19,20,20
20,1600,50,5,1,50058086.852785,0.050019,18,20,20
20,1600,50,5,2,50023914.411580,0.044403,17,20,20
20,1600,50,6,0,49861495.844875,0.051222,19,20,20
20,1600,50,6,1,49754116.265648,0.039145,18,20,20
20,1600,50,6,2,49861495.844875,0.039593,17,20,20
20,1600,50,7,0,50497298.780767,0.020226,19,20,20
20,1600,50,7,1,50399768.736697,0.019307,18,20,20
20,1600,50,7,2,50302238.692628,0.018280,17,20,20
5,1600,100,1,0,81281914.865113,0.986156,4,5,5
5,1600,100,1,1,98663436.140846,0.700280,3,5,5
5,1600,100,1,2,81281914.865113,0.641527,2,5,5
5,1600,100,2,0,90947074.752046,0.449479,4,5,5
5,1600,100,2,1,86278459.908650,0.198634,3,5,5
5,1600,100,2,2,90947074.752046,0.154000,2,5,5
5,1600,100,3,0,106738080.683316,0.134294,4,5,5
5,1600,100,3,1,102626604.831796,0.159524,3,5,5
5,1600,100,3,2,110058232.591258,0.202574,2,5,5
5,1600,100,4,0,100458009.260899,0.167828,4,5,5
5,1600,100,4,1,100138072.825857,0.064307,3,5,5
5,1600,100,4,2,97558157.166686,0.099011,2,5,5
5,1600,100,5,0,96455256.391461,0.155178,4,5,5
5,1600,100,5,1,102229584.435093,0.141933,3,5,5
5,1600,100,5,2,103710153.069574,0.042828,2,5,5
5,1600,100,6,0,94084308.684996,0.161527,4,5,5
5,1600,100,6,1,94449567.011093,0.211959,3,5,5
5,1600,100,6,2,102025952.773651,0.222778,2,5,5
5,1600,100,7,0,102838364.072266,0.100540,4,5,5
5,1600,100,7,1,101910828.025478,0.097473,3,5,5
5,1600,100,7,2,102838364.072266,0.027058,2,5,5
8,1600,100,1,0,96495998.756895,0.276051,7,8,8
8,1600,100,1,1,98136032.476466,0.190221,6,8,8
8,1600,100,1,2,96495998.756895,0.160539,5,8,8
8,1600,100,2,0,95695807.529688,0.148508,7,8,8
8,1600,100,2,1,97618486.224921,0.176525,6,8,8
8,1600,100,2,2,95695807.529688,0.109603,5,8,8
8,1600,100,3,0,101509981.406183,0.082191,7,8,8
8,1600,100,3,1,101219204.586845,0.091807,6,8,8
8,1600,100,3,2,101509981.406183,0.048454,5,8,8
8,1600,100,4,0,98284764.674461,0.258541,7,8,8
8,1600,100,4,1,102441956.412696,0.208964,6,8,8
8,1600,100,4,2,98284764.674461,0.182312,5,8,8
8,1600,100,5,0,102366504.229212,0.085138,7,8,8
8,1600,100,5,1,103068911.494861,0.109442,6,8,8
8,1600,100,5,2,103771318.760509,0.133418,5,8,8
8,1600,100,6,0,101525539.763148,0.278560,7,8,8
8,1600,100,6,1,102765742.676315,0.171596,6,8,8
8,1600,100,6,2,101525539.763148,0.161244,5,8,8
8,1600,100,7,0,100141100.584560,0.205989,7,8,8
8,1600,100,7,1,94077601.341522,0.216015,6,8,8
8,1600,100,7,2,100141100.584560,0.168794,5,8,8
12,1600,100,1,0,100977662.147605,0.106310,11,12,12
12,1600,100,1,1,100647343.280252,0.106520,10,12,12
12,1600,100,1,2,100977662.147605,0.095652,9,12,12
12,1600,100,2,0,100246176.197587,0.144088,11,12,12
12,1600,100,2,1,102244452.822449,0.109032,10,12,12
12,1600,100,2,2,100246176.197587,0.113943,9,12,12
12,1600,100,3,0,102696612.954905,0.111459,11,12,12
12,1600,100,3,1,101652073.184621,0.109021,10,12,12
12,1600,100,3,2,102696612.954905,0.074250,9,12,12
12,1600,100,4,0,97668383.596115,0.149998,11,12,12
12,1600,100,4,1,96554784.271114,0.117874,10,12,12
12,1600,100,4,2,97668383.596115,0.107855,9,12,12
12,1600,100,5,0,98107171.420954,0.162365,11,12,12
12,1600,100,5,1,99493206.398032,0.163242,10,12,12
12,1600,100,5,2,98107171.420954,0.137236,9,12,12
12,1600,100,6,0,98224524.496817,0.327550,11,12,12
12,1600,100,6,1,91893379.310909,0.292229,10,12,12
12,1600,100,6,2,85562234.125002,0.336888,9,12,12
12,1600,100,7,0,99668973.818838,0.145180,11,12,12
12,1600,100,7,1,100827558.502953,0.132332,10,12,12
12,1600,100,7,2,99668973.818838,0.122521,9,12,12
20,1600,100,1,0,99220099.659480,0.085761,19,20,20
20,1600,100,1,1,99641268.988233,0.072960,18,20,20
20,1600,100,1,2,99220099.659480,0.069623,17,20,20
20,1600,100,2,0,95923076.180454,0.096235,19,20,20
20,1600,100,2,1,95679380.413879,0.076939,18,20,20
20,1600,100,2,2,95435684.647303,0.073473,17,20,20
20,1600,100,3,0,98578274.284921,0.104257,19,20,20
20,1600,100,3,1,98786985.062116,0.104488,18,20,20
20,1600,100,3,2,98995695.839311,0.088373,17,20,20
20,1600,100,4,0,94271238.543426,0.250418,19,20,20
20,1600,100,4,1,94941623.890651,0.270058,18,20,20
20,1600,100,4,2,94271238.543426,0.237616,17,20,20
20,1600,100,5,0,97453803.601554,0.162277,19,20,20
20,1600,100,5,1,98277080.333022,0.151175,18,20,20
20,1600,100,5,2,99100357.064491,0.156931,17,20,20
20,1600,100,6,0,101734482.829234,0.085905,19,20,20
20,1600,100,6,1,101034364.176636,0.078380,18,20,20
20,1600,100,6,2,101734482.829234,0.058915,17,20,20
20,1600,100,7,0,100514916.389313,0.070030,19,20,20
20,1600,100,7,1,100494587.963796,0.070809,18,20,20
20,1600,100,7,2,100474259.538280,0.064939,17,20,20
5,3200,20,1,0,31350005.596417,186.876574,4,5,5
5,3200,20,1,1,20067578.621243,1.142687,3,5,5
5,3200,20,1,2,19884521.373882,0.027618,2,5,5
5,3200,20,2,0,29280583.941628,190.980428,4,5,5
5,3200,20,2,1,20882987.175122,0.834541,3,5,5
5,3200,20,2,2,20566734.337171,0.046131,2,5,5
5,3200,20,3,0,31315515.179401,150.308623,4,5,5
5,3200,20,3,1,20239962.518588,1.106181,3,5,5
5,3200,20,3,2,20120987.801820,0.017739,2,5,5
5,3200,20,4,0,33249542.333713,219.502268,4,5,5
5,3200,20,4,1,19587124.856093,1.417282,3,5,5
5,3200,20,4,2,19369303.883027,0.033737,2,5,5
5,3200,20,5,0,31310158.110136,166.131354,4,5,5
5,3200,20,5,1,20593770.467339,1.072938,3,5,5
5,3200,20,5,2,20262243.178174,0.049085,2,5,5
5,3200,20,6,0,33743303.190320,173.681415,4,5,5
5,3200,20,6,1,20702760.368049,1.380539,3,5,5
5,3200,20,6,2,19452815.015699,0.192766,2,5,5
5,3200,20,7,0,31682380.819195,161.918796,4,5,5
5,3200,20,7,1,20510576.281963,1.119251,3,5,5
5,3200,20,7,2,20204142.060245,0.045501,2,5,5
8,3200,20,1,0,20377525.656486,0.978745,7,8,8
8,3200,20,1,1,20291909.283194,0.264696,6,8,8
8,3200,20,1,2,20206292.909901,0.027213,5,8,8
8,3200,20,2,0,20154894.093496,1.339088,7,8,8
8,3200,20,2,1,20030107.800851,0.374498,6,8,8
8,3200,20,2,2,19905321.508205,0.047045,5,8,8
8,3200,20,3,0,20431748.172946,1.089397,7,8,8
8,3200,20,3,1,20110475.075933,0.319033,6,8,8
8,3200,20,3,2,19789201.978920,0.049017,5,8,8
8,3200,20,4,0,20291506.607606,1.119762,7,8,8
8,3200,20,4,1,20110011.941299,0.304237,6,8,8
8,3200,20,4,2,19928517.274992,0.027391,5,8,8
8,3200,20,5,0,20351814.375722,0.968782,7,8,8
8,3200,20,5,1,20287690.427702,0.255403,6,8,8
8,3200,20,5,2,20223566.479683,0.019082,5,8,8
8,3200,20,6,0,20378946.677551,0.961718,7,8,8
8,3200,20,6,1,20300721.491763,0.267545,6,8,8
8,3200,20,6,2,20222496.305975,0.027909,5,8,8
8,3200,20,7,0,20065268.667808,1.080339,7,8,8
8,3200,20,7,1,20063040.516899,0.296902,6,8,8
8,3200,20,7,2,20060812.365989,0.024214,5,8,8
12,3200,20,1,0,20184701.393996,0.046364,11,12,12
12,3200,20,1,1,20167631.377120,0.049475,10,12,12
12,3200,20,1,2,20150561.360244,0.053022,9,12,12
12,3200,20,2,0,20314780.965933,0.039497,11,12,12
12,3200,20,2,1,20264997.433778,0.039457,10,12,12
12,3200,20,2,2,20215213.901622,0.039677,9,12,12
12,3200,20,3,0,20137696.771199,0.033567,11,12,12
12,3200,20,3,1,20096642.815814,0.024295,10,12,12
12,3200,20,3,2,20055588.860428,0.025539,9,12,12
12,3200,20,4,0,20209005.373610,0.028476,11,12,12
12,3200,20,4,1,20163280.124206,0.028626,10,12,12
12,3200,20,4,2,20117554.874802,0.028713,9,12,12
12,3200,20,5,0,20262085.673384,0.044002,11,12,12
12,3200,20,5,1,20172153.179763,0.042293,10,12,12
12,3200,20,5,2,20082220.686143,0.041514,9,12,12
12,3200,20,6,0,20057896.585555,0.090334,11,12,12
12,3200,20,6,1,20038498.467461,0.046920,10,12,12
12,3200,20,6,2,20019100.349367,0.031735,9,12,12
12,3200,20,7,0,20339815.762538,0.043733,11,12,12
12,3200,20,7,1,20173935.267496,0.036059,10,12,12
12,3200,20,7,2,20008054.772453,0.034505,9,12,12
20,3200,20,1,0,20225336.630943,0.037737,19,20,20
20,3200,20,1,1,20140786.610126,0.037116,18,20,20
20,3200,20,1,2,20056236.589309,0.036483,17,20,20
20,3200,20,2,0,20155466.480583,0.037194,19,20,20
20,3200,20,2,1,20143317.572991,0.034154,18,20,20
20,3200,20,2,2,20131168.665398,0.032398,17,20,20
20,3200,20,3,0,20093551.498826,0.025832,19,20,20
20,3200,20,3,1,20073679.660269,0.024805,18,20,20
20,3200,20,3,2,20053807.821712,0.024586,17,20,20
20,3200,20,4,0,20065268.667808,0.026301,19,20,20
20,3200,20,4,1,20063081.019899,0.022399,18,20,20
20,3200,20,4,2,20060893.371991,0.021457,17,20,20
20,3200,20,5,0,20050327.613797,0.037621,19,20,20
20,3200,20,5,1,20042949.005258,0.040390,18,20,20
20,3200,20,5,2,20035570.396719,0.041165,17,20,20
20,3200,20,6,0,20247386.546573,0.043153,19,20,20
20,3200,20,6,1,20215674.941958,0.041974,18,20,20
20,3200,20,6,2,20183963.337342,0.042121,17,20,20
20,3200,20,7,0,20064458.283859,0.015313,19,20,20
20,3200,20,7,1,20049953.739194,0.014420,18,20,20
20,3200,20,7,2,20035449.194529,0.011565,17,20,20
5,3200,50,1,0,83044076.641385,56.514221,4,5,5
5,3200,50,1,1,48439701.444513,1.475716,3,5,5
5,3200,50,1,2,47302456.529149,0.072126,2,5,5
5,3200,50,2,0,81607781.705558,190.005561,4,5,5
5,3200,50,2,1,52065920.821652,396.706359,3,5,5
5,3200,50,2,2,48592014.456289,0.214474,2,5,5
5,3200,50,3,0,74312110.252484,62.650795,4,5,5
5,3200,50,3,1,53017731.272244,0.975884,3,5,5
5,3200,50,3,2,48442543.633129,0.283337,2,5,5
5,3200,50,4,0,3160296134.231083,4.052056,4,5,5
5,3200,50,4,1,43902439.024390,341.590787,3,5,5
5,3200,50,4,2,7537836242.205085,2.982527,2,5,5
5,3200,50,5,0,70350479.804679,75.239846,4,5,5
5,3200,50,5,1,49402604.376426,1.071028,3,5,5
5,3200,50,5,2,43894700.401002,0.376440,2,5,5
5,3200,50,6,0,78237384.925225,51.986821,4,5,5
5,3200,50,6,1,53074938.437131,1.118272,3,5,5
5,3200,50,6,2,73723730.508010,1.207594,2,5,5
5,3200,50,7,0,71166039.117340,109.581160,4,5,5
5,3200,50,7,1,63332610.940428,0.548616,3,5,5
5,3200,50,7,2,61626839.797553,0.845701,2,5,5
8,3200,50,1,0,51924433.644274,0.502913,7,8,8
8,3200,50,1,1,51821593.448758,0.210768,6,8,8
8,3200,50,1,2,51718753.253243,0.103670,5,8,8
8,3200,50,2,0,54746214.709188,0.856030,7,8,8
8,3200,50,2,1,52716813.514523,0.411105,6,8,8
8,3200,50,2,2,50687412.319857,0.666838,5,8,8
8,3200,50,3,0,49752389.727053,0.688492,7,8,8
8,3200,50,3,1,49713214.421180,0.390738,6,8,8
8,3200,50,3,2,49674039.115306,0.393664,5,8,8
8,3200,50,4,0,50309370.221471,0.867700,7,8,8
8,3200,50,4,1,49909775.151894,0.262423,6,8,8
8,3200,50,4,2,49510180.082318,0.043993,5,8,8
8,3200,50,5,0,48559727.095898,5.117065,7,8,8
8,3200,50,5,1,48247328.004411,1.524619,6,8,8
8,3200,50,5,2,48559727.095898,2.652468,5,8,8
8,3200,50,6,0,50742289.837753,0.837811,7,8,8
8,3200,50,6,1,50528377.623279,0.260877,6,8,8
8,3200,50,6,2,50314465.408805,0.055809,5,8,8
8,3200,50,7,0,52365292.183152,1.677404,7,8,8
8,3200,50,7,1,49946727.314221,0.718056,6,8,8
8,3200,50,7,2,52365292.183152,1.031372,5,8,8
12,3200,50,1,0,51449342.902414,0.106454,11,12,12
12,3200,50,1,1,50996182.502406,0.105676,10,12,12
12,3200,50,1,2,50543022.102398,0.100303,9,12,12
12,3200,50,2,0,50675003.697602,0.027012,11,12,12
12,3200,50,2,1,50658086.546361,0.013588,10,12,12
12,3200,50,2,2,50641169.395119,0.008614,9,12,12
12,3200,50,3,0,52713392.151349,0.424890,11,12,12
12,3200,50,3,1,51353048.258579,0.190182,10,12,12
12,3200,50,3,2,49992704.365808,0.103787,9,12,12
12,3200,50,4,0,49715795.372668,0.090379,11,12,12
12,3200,50,4,1,49633110.504814,0.049593,10,12,12
12,3200,50,4,2,49550425.636959,0.027102,9,12,12
12,3200,50,5,0,51540883.602467,0.093019,11,12,12
12,3200,50,5,1,51420469.681699,0.082570,10,12,12
12,3200,50,5,2,51300055.760930,0.080584,9,12,12
12,3200,50,6,0,50590116.190263,0.094381,11,12,12
12,3200,50,6,1,50330711.728274,0.084691,10,12,12
12,3200,50,6,2,50071307.266286,0.081756,9,12,12
12,3200,50,7,0,51381498.316759,0.125416,11,12,12
12,3200,50,7,1,51135051.335076,0.092438,10,12,12
12,3200,50,7,2,50888604.353393,0.078395,9,12,12
20,3200,50,1,0,50791054.313099,0.067706,19,20,20
20,3200,50,1,1,50738974.742851,0.059730,18,20,20
20,3200,50,1,2,50686895.172604,0.054314,17,20,20
20,3200,50,2,0,50471391.417425,0.037621,19,20,20
20,3200,50,2,1,50436700.096569,0.041847,18,20,20
20,3200,50,2,2,50402008.775712,0.042422,17,20,20
20,3200,50,3,0,50322874.724607,0.073530,19,20,20
20,3200,50,3,1,49809796.371011,0.068306,18,20,20
20,3200,50,3,2,49296718.017415,0.060539,17,20,20
20,3200,50,4,0,50371346.733923,0.053910,19,20,20
20,3200,50,4,1,50245321.180043,0.050150,18,20,20
20,3200,50,4,2,50119295.626163,0.047039,17,20,20
20,3200,50,5,0,49904570.567554,0.058938,19,20,20
20,3200,50,5,1,49802722.467394,0.056624,18,20,20
20,3200,50,5,2,49700874.367234,0.050008,17,20,20
20,3200,50,6,0,49457933.876893,0.042670,19,20,20
20,3200,50,6,1,49408672.252432,0.043313,18,20,20
20,3200,50,6,2,49359410.627971,0.038122,17,20,20
20,3200,50,7,0,50016360.021142,0.074580,19,20,20
20,3200,50,7,1,50007802.600810,0.067260,18,20,20
20,3200,50,7,2,49999245.180477,0.064663,17,20,20
5,3200,100,1,0,122631113.749627,30.190956,4,5,5
5,3200,100,1,1,106456382.454411,0.315660,3,5,5
5,3200,100,1,2,105829120.849110,0.017781,2,5,5
5,3200,100,2,0,135599052.836755,55.497208,4,5,5
5,3200,100,2,1,116180631.884194,0.497249,3,5,5
5,3200,100,2,2,106713729.172598,0.266139,2,5,5
5,3200,100,3,0,208108836.546435,23.981349,4,5,5
5,3200,100,3,1,169397323.331344,1.035363,3,5,5
5,3200,100,3,2,120415001.459771,1.220338,2,5,5
5,3200,100,4,0,154221045.449167,39.909007,4,5,5
5,3200,100,4,1,99706980.291414,1.198035,3,5,5
5,3200,100,4,2,94494822.915932,0.165474,2,5,5
5,3200,100,5,0,141115718.377292,23.502443,4,5,5
5,3200,100,5,1,98791946.308725,0.905987,3,5,5
5,3200,100,5,2,138687365.170933,0.968051,2,5,5
5,3200,100,6,0,174579249.852257,24.756461,4,5,5
5,3200,100,6,1,99666974.280785,1.657551,3,5,5
5,3200,100,6,2,91977683.406118,0.250799,2,5,5
5,3200,100,7,0,186513518.036946,25.394766,4,5,5
5,3200,100,7,1,126206686.312367,1.306584,3,5,5
5,3200,100,7,2,104063701.971565,0.638349,2,5,5
8,3200,100,1,0,120589841.616603,102.097959,7,8,8
8,3200,100,1,1,100380772.955412,79.892699,6,8,8
8,3200,100,1,2,120589841.616603,132.402239,5,8,8
8,3200,100,2,0,100049339.952271,1.466994,7,8,8
8,3200,100,2,1,99737977.892439,0.569325,6,8,8
8,3200,100,2,2,99426615.832608,0.212953,5,8,8
8,3200,100,3,0,108359234.418452,0.794103,7,8,8
8,3200,100,3,1,102627112.918385,0.337824,6,8,8
8,3200,100,3,2,96894991.418318,0.194638,5,8,8
8,3200,100,4,0,100241119.439877,1.429723,7,8,8
8,3200,100,4,1,99680129.964245,0.555252,6,8,8
8,3200,100,4,2,99119140.488613,0.214936,5,8,8
8,3200,100,5,0,111817598.667552,0.395077,7,8,8
8,3200,100,5,1,105236598.845264,0.376133,6,8,8
8,3200,100,5,2,98655599.022976,0.305846,5,8,8
8,3200,100,6,0,109860463.059198,0.809476,7,8,8
8,3200,100,6,1,103812954.320873,0.357386,6,8,8
8,3200,100,6,2,97765445.582549,0.216702,5,8,8
8,3200,100,7,0,174312731.355590,33.761385,7,8,8
8,3200,100,7,1,138544507.512377,19.337473,6,8,8
8,3200,100,7,2,102776283.669163,51.132482,5,8,8
12,3200,100,1,0,100017112.428656,0.163667,11,12,12
12,3200,100,1,1,98855231.926675,0.146862,10,12,12
12,3200,100,1,2,100017112.428656,0.129945,9,12,12
12,3200,100,2,0,102346469.994438,0.077122,11,12,12
12,3200,100,2,1,101784997.545737,0.041813,10,12,12
12,3200,100,2,2,101223525.097036,0.031416,9,12,12
12,3200,100,3,0,107009003.575583,1.110161,11,12,12
12,3200,100,3,1,103257140.640516,1.010107,10,12,12
12,3200,100,3,2,99505277.705450,0.936867,9,12,12
12,3200,100,4,0,110208971.116731,0.381258,11,12,12
12,3200,100,4,1,103921402.467414,0.348170,10,12,12
12,3200,100,4,2,97633833.818096,0.297082,9,12,12
12,3200,100,5,0,103788662.216790,0.167194,11,12,12
12,3200,100,5,1,103258564.315248,0.117204,10,12,12
12,3200,100,5,2,102728466.413705,0.112844,9,12,12
12,3200,100,6,0,103979823.560807,0.291554,11,12,12
12,3200,100,6,1,100744070.309928,0.263412,10,12,12
12,3200,100,6,2,97508317.059049,0.247767,9,12,12
12,3200,100,7,0,103142225.405624,0.219187,11,12,12
12,3200,100,7,1,102443042.006395,0.206316,10,12,12
12,3200,100,7,2,101743858.607166,0.174420,9,12,12
20,3200,100,1,0,101807451.125046,0.101609,19,20,20
20,3200,100,1,1,101516519.352064,0.100212,18,20,20
20,3200,100,1,2,101225587.579082,0.099610,17,20,20
20,3200,100,2,0,100283612.067138,0.107863,19,20,20
20,3200,100,2,1,100040862.893183,0.110614,18,20,20
20,3200,100,2,2,99798113.719227,0.113747,17,20,20
20,3200,100,3,0,100107805.305633,0.110705,19,20,20
20,3200,100,3,1,100018702.009148,0.107559,18,20,20
20,3200,100,3,2,99929598.712662,0.105467,17,20,20
20,3200,100,4,0,100162300.023186,0.095213,19,20,20
20,3200,100,4,1,100133539.791556,0.099319,18,20,20
20,3200,100,4,2,100104779.559926,0.092170,17,20,20
20,3200,100,5,0,101785549.648115,0.102388,19,20,20
20,3200,100,5,1,101131428.654654,0.081741,18,20,20
20,3200,100,5,2,100477307.661192,0.072800,17,20,20
20,3200,100,6,0,104610395.763363,0.306323,19,20,20
20,3200,100,6,1,103461044.043449,0.277545,18,20,20
20,3200,100,6,2,102311692.323534,0.268405,17,20,20
20,3200,100,7,0,100679913.668190,0.092696,19,20,20
20,3200,100,7,1,100355058.011987,0.093119,18,20,20
20,3200,100,7,2,100030202.355784,0.081055,17,20,20
